iteration,anchor_iteration,anchor_retained_edge_ha,anchor_guard_ha,potential_change_linf_ha,retained_margin_ha,retained_window_open,retained_candidate_separation_ha,retained_angle_bound,occupied_margin_ha,occupied_window_open,occupied_candidate_separation_ha,residual_converged,density_within_tolerance,orthogonality_within_tolerance,provisional_reuse_passed,adiabatic_number_squared,projector_distance
2,1,-0.288609982036,-0.281050208652,0.113973430932,-0.220387088480,false,-0.054083558674,,0.037421937178,true,0.194962708587,false,true,true,false,2.4898007812649125e-3,5.2393776514719034e-2
3,2,-0.340940080910,-0.332636532226,0.029288307850,-0.050273067015,false,-0.008971727300,,0.212090840356,true,0.265658865713,false,false,true,false,1.3254123973494017e-4,1.0924582088071988e-2
4,3,-0.352953112775,-0.344155535821,0.017353917166,-0.025910257378,false,-0.002726484086,,0.243625176733,true,0.277189353670,false,true,true,false,1.0619133210040410e-4,9.9418574289554511e-3
5,4,-0.358782968901,-0.349695957290,0.012100623014,-0.015114234416,false,0.000249972932,,0.256217529030,true,0.279360769492,false,false,true,false,5.7999033683577051e-5,7.4321000008431949e-3
6,5,-0.362046553236,-0.352776842947,0.008404892216,-0.007540074143,false,0.002795989644,,0.265251196098,true,0.281247129526,false,false,true,false,2.9231077708037652e-5,5.3159061574213629e-3
7,6,-0.363977724807,-0.354586542339,0.005837653829,-0.002284125190,false,0.004720370226,,0.271584323002,true,0.282668841653,false,false,true,false,1.4464993889232070e-5,3.7583209566226091e-3
8,7,-0.365144566394,-0.355669761292,0.004057781452,0.001359242198,true,0.006122647660,0.002999215561,0.275998576624,true,0.283695964817,false,true,true,false,7.1500172360530899e-6,2.6514195354457254e-3
9,8,-0.365850190404,-0.356316423939,0.002822783310,0.003888199846,true,0.007131267006,0.001834202786,0.279072641000,true,0.284426199501,false,true,true,false,3.5488172721817853e-6,1.8724143250115819e-3
10,9,-0.366270474255,-0.356694429223,0.001964692087,0.005646660858,true,0.007853512821,0.001189380382,0.281214588918,true,0.284941842521,false,true,true,false,1.7712509423864255e-6,1.3250395093459290e-3
11,10,-0.366512634131,-0.356905906997,0.001367754672,0.006871217790,true,0.008370239943,0.000797023103,0.282708316737,true,0.285304843684,false,true,true,false,8.8916657079177788e-7,9.3993705958017452e-4
12,11,-0.366643901613,-0.357014714848,0.000952123631,0.007724939502,true,0.008740198562,0.000543984966,0.283750772986,true,0.285560022919,false,true,true,false,4.4886116343574789e-7,6.6839845851434081e-4
13,12,-0.366707037041,-0.357061306247,0.000662578199,0.008320574396,true,0.009005462631,0.000374811817,0.284478676945,true,0.285739280115,false,true,true,false,2.2780111572342944e-7,4.7646020953880542e-4
14,13,-0.366729347077,-0.357071373877,0.000460827876,0.008736317447,true,0.009195997947,0.000259056166,0.284987092298,true,0.285865155377,false,true,true,false,1.1620424438841416e-7,3.4045193512238992e-4
15,14,-0.366728199701,-0.357061136680,0.000320262537,0.009026537946,true,0.009333116359,0.000179009566,0.285342230472,true,0.285953522762,false,true,true,false,5.9573166423142972e-8,2.4384493927090075e-4
16,15,-0.366714515577,-0.357040686513,0.000222357887,0.009229113289,true,0.009431982932,0.000123424432,0.285590273503,true,0.286015544918,false,true,true,false,3.0691337109005681e-8,1.7506605862131533e-4
17,16,-0.366695027333,-0.357016152323,0.000155797780,0.009367279449,true,0.009501809630,0.000084984310,0.285760278746,true,0.286057471351,false,true,true,false,1.5889871516394944e-8,1.2598889912308374e-4
18,17,-0.366673759733,-0.356991115996,0.000113057366,0.009456529005,true,0.009548831052,0.000058685905,0.285871818818,true,0.286083332155,false,true,true,false,8.2678009661921004e-9,9.0891848861657324e-5
19,18,-0.366653004415,-0.356967542529,0.000082220479,0.009521020928,true,0.009584198471,0.000040944313,0.285951912116,true,0.286102630292,false,true,true,false,4.3238012842969281e-9,6.5736380775482592e-5
20,19,-0.366633961479,-0.356946390179,0.000059920122,0.009567731055,true,0.009610849396,0.000029174526,0.286009538384,true,0.286117065871,false,true,true,false,2.2729867924619298e-9,4.7665419194507575e-5
21,20,-0.366617159697,-0.356928008138,0.000043757629,0.009601636301,true,0.009630963446,0.000021437572,0.286051078807,true,0.286127886532,false,true,true,false,1.2012534715093626e-9,3.4653427874735536e-5
22,21,-0.366602729213,-0.356912392921,0.000032018855,0.009626298583,true,0.009646164357,0.000016438139,0.286081079268,true,0.286136012231,false,true,true,false,6.3830131330484029e-10,2.5261528095899622e-5
23,22,-0.366590576132,-0.356899351028,0.000024549018,0.009642127068,true,0.009656592155,0.000012923596,0.286100638292,true,0.286141050447,false,true,true,false,3.4104169037171953e-10,1.8465618658661911e-5
24,23,-0.366580492202,-0.356888599871,0.000019237529,0.009653417273,true,0.009664384496,0.000010235544,0.286114534259,true,0.286144735203,false,true,true,false,1.8323292810769750e-10,1.3535425275446699e-5
25,24,-0.366572221896,-0.356879828385,0.000015040791,0.009662311929,true,0.009670632709,0.000008393134,0.286125248036,true,0.286147851517,false,true,true,false,9.8996720350113087e-11,9.9491975389239450e-6
26,25,-0.366565501884,-0.356872731706,0.000011736072,0.009669298035,true,0.009675615082,0.000006823319,0.286133503347,true,0.286150444989,false,true,true,false,5.3783314506515428e-11,7.3334283883847656e-6
27,26,-0.366560082859,-0.356867029444,0.000009141378,0.009674770659,true,0.009679569517,0.000005541230,0.286139860931,true,0.286152576609,false,true,true,false,2.9380050670644626e-11,5.4201805979199871e-6
28,27,-0.366555740339,-0.356862473834,0.000007109324,0.009679047856,true,0.009682695612,0.000004484761,0.286144754739,true,0.286154311379,false,true,true,false,1.6135606342959533e-11,4.0168284777076156e-6
29,28,-0.366552278771,-0.356858851875,0.000005521421,0.009682384053,true,0.009685158444,0.000003660665,0.286148520248,true,0.286155711918,false,true,true,false,8.9079422568926983e-12,2.9845695353702655e-6
30,29,-0.366549531741,-0.356855984067,0.000004282986,0.009684981702,true,0.009687093016,0.000002963736,0.286151416557,true,0.286156835187,false,true,true,false,4.9424747672731564e-12,2.2231410800894148e-6
31,30,-0.366547360069,-0.356853721408,0.000003318797,0.009687001067,true,0.009688608688,0.000002309227,0.286153643508,true,0.286157731085,false,true,true,false,2.7554255952111760e-12,1.6599393151688778e-6
32,31,-0.366545648893,-0.356851941661,0.000002569421,0.009688568389,true,0.009689793331,0.000001985952,0.286155354975,true,0.286158442152,false,true,true,false,1.5431272507557427e-12,1.2422249355731328e-6
33,32,-0.366544304414,-0.356850545486,0.000001987166,0.009689784597,true,0.009690718030,0.000001700944,0.286156671170,true,0.286159004904,true,true,true,true,8.6789613079045084e-13,9.3160475487284214e-7
34,33,-0.366543250682,-0.356849452766,0.000001535804,0.009690726308,true,0.009691438056,0.000001552035,0.286157682160,true,0.286159448240,true,true,true,true,4.9007919466658560e-13,7.0005394027920310e-7
35,34,-0.366542426626,-0.356848599299,0.000001186143,0.009691455042,true,0.009691997985,0.000001280348,0.286158458836,true,0.286159796613,true,true,true,true,2.7776335329181638e-13,5.2703111633980590e-7
36,35,-0.366541783427,-0.356847933905,0.000000915520,0.009692018481,true,0.009692432821,0.000001628441,0.286159055407,true,0.286160069664,true,true,true,true,1.5796904020076048e-13,3.9745235937814948e-7
37,36,-0.366541282247,-0.356847415973,0.000000706245,0.009692453783,true,0.009692770100,0.000001542553,0.286159513572,true,0.286160283198,true,true,true,true,9.0123509323701441e-14,3.0020530789429377e-7
38,37,-0.366540892318,-0.356847013397,0.000000544532,0.009692789858,true,0.009693031426,0.000001157755,0.286159865398,true,0.286160449860,true,true,true,true,5.1565375139251438e-14,2.2707984146271337e-7
39,38,-0.366540589355,-0.356846700884,0.000000419654,0.009693049163,true,0.009693233706,0.000001271289,0.286160135534,true,0.286160579712,true,true,true,true,2.9581657927245968e-14,1.7199304145089360e-7
40,39,-0.366540354244,-0.356846458560,0.000000323281,0.009693249122,true,0.009693390144,0.000001840239,0.286160342929,true,0.286160680729,true,true,true,true,1.7010911695720974e-14,1.3042690611229850e-7
41,40,-0.366540171985,-0.356846270853,0.000000248985,0.009693403162,true,0.009693510996,0.000001403729,0.286160502061,true,0.286160759166,true,true,true,true,9.8033994849278658e-15,9.9013513402124798e-8
42,41,-0.366540030835,-0.356846125587,0.000000191638,0.009693521971,true,0.009693604390,0.000001483179,0.286160624349,true,0.286160820096,true,true,true,true,5.6608308030165646e-15,7.5311656304346180e-8
43,42,-0.366539921616,-0.356846013258,0.000000147718,0.009693612922,true,0.009693676194,0.000001271674,0.286160717671,true,0.286160867050,true,true,true,true,3.2745786792832156e-15,5.7319497948562004e-8
44,43,-0.366539837170,-0.356845926463,0.000000113515,0.009693683677,true,0.009693731947,0.000001577575,0.286160790037,true,0.286160903779,true,true,true,true,1.8972597653533289e-15,4.3557537587867640e-8
45,44,-0.366539771925,-0.356845859442,0.000000087309,0.009693737865,true,0.009693774796,0.000001416763,0.286160845316,true,0.286160932062,true,true,true,true,1.1008429317181937e-15,3.3206498052568856e-8
46,45,-0.366539721547,-0.356845807723,0.000000067171,0.009693779483,true,0.009693807778,0.000001527727,0.286160887669,true,0.286160953892,true,true,true,true,6.3957075929372841e-16,2.5325812439268207e-8
47,46,-0.366539682671,-0.356845767833,0.000000051639,0.009693811561,true,0.009693833215,0.000001795141,0.286160920241,true,0.286160970789,true,true,true,true,3.7201447180619081e-16,1.9287674853316938e-8
48,47,-0.366539652687,-0.356845737082,0.000000039692,0.009693836222,true,0.009693852798,0.000001907531,0.286160945232,true,0.286160983832,true,true,true,true,2.1661476364188118e-16,1.4717838434307853e-8
49,48,-0.366539629571,-0.356845713387,0.000000030503,0.009693855178,true,0.009693867868,0.000001351617,0.286160964407,true,0.286160993894,true,true,true,true,1.2624880056284466e-16,1.1236049240500498e-8
50,49,-0.366539611759,-0.356845695137,0.000000023438,0.009693869745,true,0.009693879463,0.000001790818,0.286160979120,true,0.286161001652,true,true,true,true,7.3643801194646572e-17,8.8217603432523437e-9
51,50,-0.366539598038,-0.356845681086,0.000000018155,0.009693880643,true,0.009693888232,0.000001422146,0.286160990113,true,0.286161007484,true,true,true,true,4.2991079190263814e-17,6.5571312113538944e-9
52,51,-0.366539587473,-0.356845670271,0.000000013938,0.009693889326,true,0.009693895131,0.000001086779,0.286160998858,true,0.286161012132,true,true,true,true,2.5114186273144468e-17,5.3814942543379079e-9
53,52,-0.366539579340,-0.356845661949,0.000000010669,0.009693896052,true,0.009693900463,0.000000805755,0.286161005623,true,0.286161015740,true,true,true,true,1.4680103203477925e-17,3.8314623038254165e-9
54,53,-0.366539573081,-0.356845655548,0.000000008193,0.009693901147,true,0.009693904525,0.000000617482,0.286161010743,true,0.286161018482,true,true,true,true,8.5858311374477234e-18,2.9301585053196557e-9
55,54,-0.366539568267,-0.356845650626,0.000000006291,0.009693905059,true,0.009693907647,0.000000473836,0.286161014671,true,0.286161020592,true,true,true,true,5.0240562353566434e-18,2.2414403894756973e-9
56,55,-0.366539564563,-0.356845646841,0.000000004830,0.009693908062,true,0.009693910045,0.000000376957,0.286161017684,true,0.286161022215,true,true,true,true,2.9411972667457409e-18,1.7149914431970960e-9
57,56,-0.366539561716,-0.356845643932,0.000000003708,0.009693910368,true,0.009693911887,0.000000280498,0.286161019995,true,0.286161023463,true,true,true,true,1.7225510767969207e-18,1.3124609370997506e-9
58,57,-0.366539559526,-0.356845641696,0.000000002847,0.009693912137,true,0.009693913301,0.000000261204,0.286161021767,true,0.286161024422,true,true,true,true,1.0092092541200403e-18,1.0045950191969118e-9
59,58,-0.366539557843,-0.356845639978,0.000000002185,0.009693913495,true,0.009693914387,0.000000200258,0.286161023127,true,0.286161025160,true,true,true,true,5.9147443735338074e-19,7.6907177289102740e-10
60,59,-0.366539556550,-0.356845638658,0.000000001677,0.009693914538,true,0.009693915221,0.000000226828,0.286161024170,true,0.286161025727,true,true,true,true,3.4675483212032754e-19,5.8886102395595826e-10
61,60,-0.366539555556,-0.356845637644,0.000000001287,0.009693915338,true,0.009693915861,0.000000097101,0.286161024970,true,0.286161026162,true,true,true,true,2.0334280214578014e-19,4.5093472353637470e-10
