candidate_id,material,iteration,proposal_family,raw_window_bound,window_distance,full_distance,trace_deviation
Si_2,Si,2,low_cutoff,6.405461617089094e-10,1.3417299462828892e-09,0.5401248520107589,2.3283943662022466e-09
Si_3,Si,3,target_subspace,1.2411575988742632e-10,1.252133650690354e-10,0.09478531830282313,2.2917578945680361e-10
Si_5,Si,5,low_cutoff,1.1383570705296913e-09,1.3069918082137007e-10,0.4754368010956584,2.1926016557927142e-10
Si_6,Si,6,target_subspace,2.8906803706003226e-10,1.2402301990562243e-10,0.031185853769409466,2.206510529845218e-10
graphene_5,graphene,5,low_cutoff,5.014471603316699e-11,8.192918585600887e-12,1.2020321195227568,9.920508858840549e-12
graphene_6,graphene,6,target_subspace,0.003624397849323171,1.6435802041322418e-10,0.40319758540109,1.898032842007069e-10
Al_2,Al,2,low_cutoff,3.2339644382612894e-10,1.7509520910584184e-09,0.35446464973969294,4.08344646984915e-09
Al_3,Al,3,target_subspace,5.245404976933143e-10,7.423120930524889e-10,0.0068202075426530085,1.7516068595568868e-09
Al_5,Al,5,low_cutoff,3.4121134387813345e-10,1.7705490658295847e-09,0.3573667978777864,4.140183307299594e-09
Al_6,Al,6,target_subspace,5.206888680451836e-10,7.544807629763631e-10,0.004500052106619667,1.7828316600798644e-09
