observation_order,candidate_id,run_id,material,iteration,proposal_family,decision,raw_window_bound,window_distance,full_distance
1,Si_single_low_cutoff_02_i02,Si_single_low_cutoff_02,Si,2,low_cutoff,accept,6.405478242982008e-10,1.3417310195077393e-09,0.5401248520107593
2,Si_single_low_cutoff_05_i05,Si_single_low_cutoff_05,Si,5,low_cutoff,accept,5.78113552989661e-10,1.3173801342440914e-10,0.47189477201563024
3,Si_single_low_cutoff_08_i08,Si_single_low_cutoff_08,Si,8,low_cutoff,accept,8.941498981938521e-10,1.463439132122288e-10,0.4582375070144744
4,Si_single_low_cutoff_11_i11,Si_single_low_cutoff_11,Si,11,low_cutoff,accept,1.9134362143055994e-10,1.4998845638313675e-10,0.45558867951567933
5,Si_single_low_cutoff_14_i14,Si_single_low_cutoff_14,Si,14,low_cutoff,accept,7.108760507760115e-10,1.5145024800062058e-10,0.4550413928311408
6,Si_single_low_cutoff_17_i17,Si_single_low_cutoff_17,Si,17,low_cutoff,accept,3.963149883938167e-10,1.508309836257932e-10,0.45491902968134523
7,Si_single_target_subspace_03_i03,Si_single_target_subspace_03,Si,3,target_subspace,accept,8.246519601278511e-10,1.302747148008269e-10,0.08214792285598511
8,Si_single_target_subspace_06_i06,Si_single_target_subspace_06,Si,6,target_subspace,accept,2.8597247889301167e-10,1.1741331676343729e-10,0.016015501679203847
9,Si_single_target_subspace_09_i09,Si_single_target_subspace_09,Si,9,target_subspace,accept,5.867804363530603e-11,1.1308021539678132e-10,0.0033509910900372643
10,Si_single_target_subspace_12_i12,Si_single_target_subspace_12,Si,12,target_subspace,accept,5.219175634900656e-10,1.1192930834265982e-10,0.0008134727999283915
11,Si_single_target_subspace_15_i15,Si_single_target_subspace_15,Si,15,target_subspace,accept,6.055275679589431e-10,1.1448603094335768e-10,0.0002319074589436864
12,Si_single_target_subspace_18_i18,Si_single_target_subspace_18,Si,18,target_subspace,accept,7.383841176473531e-11,1.1453656653090811e-10,7.425407874863563e-05
13,Si_single_coarse_k_04_i04,Si_single_coarse_k_04,Si,4,coarse_k,reject,7.5378599840338705,0.33360622476659474,0.3336062223079071
14,Si_single_coarse_k_07_i07,Si_single_coarse_k_07,Si,7,coarse_k,reject,7.391539092366797,0.32632364305491945,0.3263236389891912
15,Si_single_coarse_k_10_i10,Si_single_coarse_k_10,Si,10,coarse_k,reject,7.369179748598789,0.3253115948669563,0.32531159044144575
16,Si_single_coarse_k_13_i13,Si_single_coarse_k_13,Si,13,coarse_k,reject,7.366049166946345,0.32515292409073215,0.32515291959978165
18,graphene_single_low_cutoff_05_i05,graphene_single_low_cutoff_05,graphene,5,low_cutoff,accept,5.705427655156887e-11,8.32030106125853e-12,1.2020321195227528
19,graphene_single_low_cutoff_08_i08,graphene_single_low_cutoff_08,graphene,8,low_cutoff,accept,4.243647987531974e-13,1.3170294773033917e-11,0.9852339296754737
20,graphene_single_low_cutoff_11_i11,graphene_single_low_cutoff_11,graphene,11,low_cutoff,accept,2.671071038445581e-07,1.0769871252301965e-11,0.9184290010671918
21,graphene_single_low_cutoff_14_i14,graphene_single_low_cutoff_14,graphene,14,low_cutoff,accept,2.2318365581452823e-08,9.265146365489372e-12,0.9289745690305055
22,graphene_single_low_cutoff_17_i17,graphene_single_low_cutoff_17,graphene,17,low_cutoff,accept,4.51737204622663e-09,5.119851316709622e-12,1.0333944879386336
24,graphene_single_target_subspace_06_i06,graphene_single_target_subspace_06,graphene,6,target_subspace,accept,0.0027251047562278905,2.4446669520740147e-10,0.376265478831143
29,graphene_single_coarse_k_04_i04,graphene_single_coarse_k_04,graphene,4,coarse_k,reject,21.58160367783185,0.747099578789941,0.7470995787902024
30,graphene_single_coarse_k_07_i07,graphene_single_coarse_k_07,graphene,7,coarse_k,reject,20.075710810896304,0.46929683235930325,0.46929683235929975
31,graphene_single_coarse_k_10_i10,graphene_single_coarse_k_10,graphene,10,coarse_k,reject,16.139151400977624,0.4692996821410083,0.4692996821410173
32,graphene_single_coarse_k_13_i13,graphene_single_coarse_k_13,graphene,13,coarse_k,reject,13.776273531957164,0.46929875015915606,0.46929875015914857
33,Al_single_low_cutoff_02_i02,Al_single_low_cutoff_02,Al,2,low_cutoff,accept,3.233993901554385e-10,1.7509535952535555e-09,0.3544646497396929
34,Al_single_low_cutoff_05_i05,Al_single_low_cutoff_05,Al,5,low_cutoff,accept,2.9403309735785434e-11,1.7543617772156495e-09,0.357850652960224
35,Al_single_low_cutoff_08_i08,Al_single_low_cutoff_08,Al,8,low_cutoff,accept,4.846336169332295e-10,1.7420595203996465e-09,0.35928820161045705
36,Al_single_low_cutoff_11_i11,Al_single_low_cutoff_11,Al,11,low_cutoff,accept,2.1141528115291208e-10,1.7387666073538205e-09,0.35983448986394323
37,Al_single_low_cutoff_14_i14,Al_single_low_cutoff_14,Al,14,low_cutoff,accept,1.500811214560598e-10,1.7355797772719705e-09,0.36003242396762314
38,Al_single_low_cutoff_17_i17,Al_single_low_cutoff_17,Al,17,low_cutoff,accept,5.53949968438643e-10,1.732088596082956e-09,0.3601028392035725
39,Al_single_target_subspace_03_i03,Al_single_target_subspace_03,Al,3,target_subspace,accept,1.622540402068541e-09,7.412867232526255e-10,0.005384617006752545
40,Al_single_target_subspace_06_i06,Al_single_target_subspace_06,Al,6,target_subspace,accept,2.0752041988713655e-09,7.518302676049623e-10,0.0019212299417611268
41,Al_single_target_subspace_09_i09,Al_single_target_subspace_09,Al,9,target_subspace,accept,4.859423357055128e-10,7.587217519163209e-10,0.000684693778591962
42,Al_single_target_subspace_12_i12,Al_single_target_subspace_12,Al,12,target_subspace,accept,7.124527484875794e-10,7.603645522108703e-10,0.00024199969697927712
43,Al_single_target_subspace_15_i15,Al_single_target_subspace_15,Al,15,target_subspace,accept,4.711351973604332e-10,7.5389472183986e-10,8.518991973406275e-05
44,Al_single_target_subspace_18_i18,Al_single_target_subspace_18,Al,18,target_subspace,accept,6.779020421799429e-10,7.581763675163501e-10,2.9948532744514012e-05
45,Al_single_coarse_k_04_i04,Al_single_coarse_k_04,Al,4,coarse_k,reject,5.665775685609273,0.9522056329463603,0.9522056161594248
46,Al_single_coarse_k_07_i07,Al_single_coarse_k_07,Al,7,coarse_k,reject,5.66462407177935,0.9518919590282799,0.9518919422367174
47,Al_single_coarse_k_10_i10,Al_single_coarse_k_10,Al,10,coarse_k,reject,5.6642592405590655,0.9518097472410443,0.9518097304448481
48,Al_single_coarse_k_13_i13,Al_single_coarse_k_13,Al,13,coarse_k,reject,5.664137418584193,0.9517853507642202,0.9517853339659058
49,Si_multiple_i02,Si_multiple,Si,2,low_cutoff,accept,6.405461617089094e-10,1.3417299462828892e-09,0.5401248520107589
50,Si_multiple_i03,Si_multiple,Si,3,target_subspace,accept,1.2411575988742632e-10,1.252133650690354e-10,0.09478531830282313
51,Si_multiple_i04,Si_multiple,Si,4,coarse_k,reject,7.589866975571634,0.3358718609866446,0.33587185887308646
52,Si_multiple_i05,Si_multiple,Si,5,low_cutoff,accept,1.1383570705296913e-09,1.3069918082137007e-10,0.4754368010956584
53,Si_multiple_i06,Si_multiple,Si,6,target_subspace,accept,2.8906803706003226e-10,1.2402301990562243e-10,0.031185853769409466
54,Si_multiple_i07,Si_multiple,Si,7,coarse_k,reject,7.4352494890077345,0.32816383632534296,0.32816383278435923
57,graphene_multiple_i04,graphene_multiple,graphene,4,coarse_k,reject,21.581603677831804,0.7470995787899741,0.7470995787902001
58,graphene_multiple_i05,graphene_multiple,graphene,5,low_cutoff,accept,5.014471603316699e-11,8.192918585600887e-12,1.2020321195227568
59,graphene_multiple_i06,graphene_multiple,graphene,6,target_subspace,accept,0.003624397849323171,1.6435802041322418e-10,0.40319758540109
60,graphene_multiple_i07,graphene_multiple,graphene,7,coarse_k,reject,20.30870426842368,0.4686774355334136,0.4686774355333778
61,Al_multiple_i02,Al_multiple,Al,2,low_cutoff,accept,3.2339644382612894e-10,1.7509520910584184e-09,0.35446464973969294
62,Al_multiple_i03,Al_multiple,Al,3,target_subspace,accept,5.245404976933143e-10,7.423120930524889e-10,0.0068202075426530085
63,Al_multiple_i04,Al_multiple,Al,4,coarse_k,reject,5.6655881626909075,0.9522149007691425,0.9522148839439142
64,Al_multiple_i05,Al_multiple,Al,5,low_cutoff,accept,3.4121134387813345e-10,1.7705490658295847e-09,0.3573667978777864
65,Al_multiple_i06,Al_multiple,Al,6,target_subspace,accept,5.206888680451836e-10,7.544807629763631e-10,0.004500052106619667
66,Al_multiple_i07,Al_multiple,Al,7,coarse_k,reject,5.664363202790907,0.9518695799233632,0.9518695630877628
