configuration,shell_key,radius_bohr_inv,energy_share,cumulative_share
exploratory,3,1.0607,3.853513e-1,0.385351
exploratory,4,1.2248,3.243412e-1,0.709693
exploratory,8,1.7321,1.302714e-1,0.839964
exploratory,11,2.0311,8.743354e-2,0.927397
exploratory,12,2.1214,3.008122e-2,0.957479
exploratory,16,2.4496,1.967599e-3,0.959446
exploratory,19,2.6694,1.484555e-2,0.974292
exploratory,20,2.7387,1.439106e-2,0.988683
exploratory,24,3.0001,3.248452e-3,0.991931
exploratory,27,3.1821,4.391172e-3,0.996323
exploratory,32,3.4642,1.747912e-4,0.996497
exploratory,35,3.6230,1.362786e-3,0.997860
exploratory,36,3.6744,1.100260e-3,0.998960
exploratory,40,3.8731,4.812759e-4,0.999442
exploratory,43,4.0158,2.662831e-4,0.999708
exploratory,44,4.0622,1.339798e-4,0.999842
exploratory,48,4.2428,5.164693e-5,0.999894
exploratory,51,4.3734,6.130132e-5,0.999955
exploratory,52,4.4161,9.957695e-6,0.999965
exploratory,56,4.5828,1.365955e-5,0.999978
exploratory,59,4.7039,1.512508e-5,0.999994
exploratory,64,4.8992,6.875569e-7,0.999994
exploratory,67,5.0127,1.253339e-6,0.999996
exploratory,68,5.0499,2.195093e-6,0.999998
exploratory,72,5.1964,5.730452e-7,0.999998
exploratory,75,5.3035,6.138716e-7,0.999999
exploratory,76,5.3387,3.308494e-7,0.999999
exploratory,80,5.4774,1.126288e-7,0.999999
exploratory,83,5.5792,2.851618e-7,1.000000
exploratory,84,5.6127,1.615010e-7,1.000000
exploratory,88,5.7448,7.969305e-8,1.000000
exploratory,91,5.8419,5.185541e-8,1.000000
exploratory,96,6.0002,2.153303e-8,1.000000
exploratory,99,6.0933,2.881284e-8,1.000000
exploratory,100,6.1240,1.761864e-9,1.000000
exploratory,104,6.2452,1.723600e-9,1.000000
exploratory,108,6.3642,2.914488e-9,1.000000
selection,3,1.0607,5.115110e-1,0.511511
selection,4,1.2248,2.378320e-1,0.749343
selection,8,1.7321,1.005426e-1,0.849886
selection,11,2.0311,5.872115e-2,0.908607
selection,12,2.1214,3.424669e-2,0.942853
selection,16,2.4496,3.228760e-3,0.946082
selection,19,2.6694,1.724354e-2,0.963326
selection,20,2.7387,1.744347e-2,0.980769
selection,24,3.0001,6.543065e-3,0.987312
selection,27,3.1821,5.461154e-3,0.992773
selection,32,3.4642,2.584118e-4,0.993032
selection,35,3.6230,2.172474e-3,0.995204
selection,36,3.6744,1.818680e-3,0.997023
selection,40,3.8731,6.425798e-4,0.997665
selection,43,4.0158,5.436312e-4,0.998209
selection,44,4.0622,4.183025e-4,0.998627
selection,48,4.2428,9.898656e-5,0.998726
selection,51,4.3734,3.434448e-4,0.999070
selection,52,4.4161,1.599235e-4,0.999230
selection,56,4.5828,1.847086e-4,0.999414
selection,59,4.7039,2.193474e-4,0.999634
selection,64,4.8992,1.239731e-5,0.999646
selection,67,5.0127,2.655014e-5,0.999673
selection,68,5.0499,6.586394e-5,0.999739
selection,72,5.1964,2.493199e-5,0.999764
selection,75,5.3035,4.017156e-5,0.999804
selection,76,5.3387,2.228032e-5,0.999826
selection,80,5.4774,7.176446e-6,0.999833
selection,83,5.5792,3.499349e-5,0.999868
selection,84,5.6127,2.896574e-5,0.999897
selection,88,5.7448,6.483758e-6,0.999904
selection,91,5.8419,1.291575e-5,0.999917
selection,96,6.0002,3.199439e-6,0.999920
selection,99,6.0933,1.378289e-5,0.999934
selection,100,6.1240,8.244702e-6,0.999942
selection,104,6.2452,4.917523e-6,0.999947
selection,107,6.3347,9.044763e-6,0.999956
selection,108,6.3642,5.328450e-6,0.999961
selection,115,6.5672,4.164262e-6,0.999965
selection,116,6.5957,8.197919e-6,0.999973
selection,120,6.7085,1.909292e-6,0.999975
selection,123,6.7918,2.937449e-6,0.999978
selection,128,6.9285,3.912856e-7,0.999979
selection,131,7.0092,5.214045e-6,0.999984
selection,132,7.0359,2.577654e-6,0.999986
selection,136,7.1417,1.506049e-6,0.999988
selection,139,7.2200,2.234479e-6,0.999990
selection,140,7.2460,1.728553e-6,0.999992
selection,144,7.3488,6.891535e-7,0.999993
selection,147,7.4249,1.086658e-6,0.999994
selection,148,7.4501,4.798524e-7,0.999994
selection,152,7.5501,9.794135e-7,0.999995
selection,155,7.6243,1.339291e-6,0.999997
selection,160,7.7463,1.544485e-7,0.999997
selection,163,7.8186,1.996649e-7,0.999997
selection,164,7.8425,7.515140e-7,0.999998
selection,168,7.9376,2.540209e-7,0.999998
selection,171,8.0081,5.857367e-7,0.999998
selection,172,8.0315,1.049127e-7,0.999999
selection,176,8.1244,7.607489e-8,0.999999
selection,179,8.1933,3.255383e-7,0.999999
selection,180,8.2162,2.144266e-7,0.999999
selection,184,8.3069,8.978024e-8,0.999999
selection,187,8.3744,7.155398e-8,0.999999
selection,192,8.4856,1.286628e-8,0.999999
selection,195,8.5516,9.466273e-8,0.999999
selection,196,8.5735,6.054989e-8,1.000000
selection,200,8.6606,7.401550e-8,1.000000
selection,203,8.7253,7.572757e-8,1.000000
selection,204,8.7468,3.579997e-8,1.000000
selection,208,8.8321,1.085022e-8,1.000000
selection,211,8.8956,4.085114e-8,1.000000
selection,212,8.9166,3.654937e-8,1.000000
selection,216,9.0003,3.372531e-8,1.000000
selection,219,9.0626,3.454237e-8,1.000000
selection,224,9.1655,1.179756e-8,1.000000
selection,227,9.2267,2.903196e-8,1.000000
selection,228,9.2470,1.129706e-8,1.000000
selection,232,9.3277,3.021026e-9,1.000000
selection,235,9.3879,5.294546e-9,1.000000
selection,236,9.4078,1.132189e-8,1.000000
selection,243,9.5463,1.109451e-8,1.000000
selection,244,9.5659,9.083053e-9,1.000000
selection,248,9.6440,5.852118e-9,1.000000
selection,251,9.7022,1.014288e-8,1.000000
selection,256,9.7983,2.435642e-10,1.000000
selection,259,9.8556,4.294052e-9,1.000000
selection,260,9.8746,4.678545e-9,1.000000
selection,264,9.9503,2.756177e-9,1.000000
selection,267,10.0066,1.295750e-9,1.000000
selection,268,10.0254,8.614335e-10,1.000000
selection,272,10.0999,9.969665e-10,1.000000
selection,275,10.1554,2.243516e-9,1.000000
selection,276,10.1739,1.920736e-9,1.000000
selection,280,10.2473,7.102108e-10,1.000000
selection,283,10.3021,1.206115e-9,1.000000
selection,288,10.3927,3.000338e-10,1.000000
selection,291,10.4467,9.816588e-10,1.000000
selection,292,10.4646,4.819668e-10,1.000000
selection,296,10.5361,7.284981e-10,1.000000
selection,299,10.5893,1.278106e-9,1.000000
selection,300,10.6070,4.463275e-10,1.000000
selection,304,10.6775,1.020344e-10,1.000000
selection,307,10.7300,2.817477e-10,1.000000
selection,308,10.7475,5.322341e-10,1.000000
selection,312,10.8171,1.409866e-10,1.000000
selection,315,10.8690,4.448684e-10,1.000000
selection,320,10.9549,4.296193e-11,1.000000
selection,323,11.0061,2.050019e-10,1.000000
selection,324,11.0231,2.528890e-10,1.000000
selection,328,11.0910,6.561735e-11,1.000000
selection,331,11.1416,1.245804e-10,1.000000
selection,332,11.1584,1.201891e-10,1.000000
selection,336,11.2254,4.596852e-11,1.000000
selection,339,11.2754,1.414020e-10,1.000000
selection,340,11.2920,4.128810e-11,1.000000
selection,344,11.3583,8.226424e-11,1.000000
selection,347,11.4077,7.677043e-11,1.000000
selection,352,11.4896,1.504420e-11,1.000000
selection,355,11.5384,5.051069e-11,1.000000
selection,356,11.5547,7.484495e-11,1.000000
selection,360,11.6194,4.063489e-11,1.000000
selection,363,11.6677,3.254716e-11,1.000000
selection,364,11.6838,1.118191e-11,1.000000
selection,371,11.7956,4.256962e-11,1.000000
selection,372,11.8115,1.168176e-11,1.000000
selection,376,11.8748,1.499229e-11,1.000000
selection,379,11.9221,8.646580e-12,1.000000
selection,384,12.0005,2.794212e-12,1.000000
selection,387,12.0473,1.179134e-11,1.000000
selection,388,12.0628,5.328676e-12,1.000000
selection,392,12.1248,7.289944e-12,1.000000
selection,395,12.1711,1.247031e-11,1.000000
selection,396,12.1865,5.405716e-12,1.000000
selection,400,12.2479,1.229829e-12,1.000000
selection,403,12.2938,2.193270e-12,1.000000
selection,404,12.3090,7.396869e-12,1.000000
selection,408,12.3698,1.320235e-12,1.000000
selection,411,12.4152,3.750867e-12,1.000000
selection,416,12.4905,1.333814e-12,1.000000
selection,419,12.5354,4.054422e-12,1.000000
selection,420,12.5504,1.672620e-12,1.000000
frozen,3,1.0607,5.088089e-1,0.508809
frozen,4,1.2248,2.366344e-1,0.745443
frozen,8,1.7321,1.001153e-1,0.845559
frozen,11,2.0311,5.849485e-2,0.904053
frozen,12,2.1214,3.409725e-2,0.938151
frozen,16,2.4496,3.217816e-3,0.941368
frozen,19,2.6694,1.718056e-2,0.958549
frozen,20,2.7387,1.737056e-2,0.975920
frozen,24,3.0001,6.528643e-3,0.982448
frozen,27,3.1821,1.023633e-2,0.992685
frozen,32,3.4642,2.595014e-4,0.992944
frozen,35,3.6230,2.164749e-3,0.995109
frozen,36,3.6744,1.844475e-3,0.996953
frozen,40,3.8731,6.785590e-4,0.997632
frozen,43,4.0158,5.417552e-4,0.998174
frozen,44,4.0622,4.376872e-4,0.998611
frozen,48,4.2428,1.058997e-4,0.998717
frozen,51,4.3734,3.431270e-4,0.999060
frozen,52,4.4161,1.595347e-4,0.999220
frozen,56,4.5828,1.846873e-4,0.999405
frozen,59,4.7039,2.198675e-4,0.999624
frozen,64,4.8992,1.240962e-5,0.999637
frozen,67,5.0127,2.678300e-5,0.999664
frozen,68,5.0499,6.618383e-5,0.999730
frozen,72,5.1964,2.521480e-5,0.999755
frozen,75,5.3035,4.063173e-5,0.999796
frozen,76,5.3387,2.244562e-5,0.999818
frozen,80,5.4774,7.435877e-6,0.999826
frozen,83,5.5792,3.548140e-5,0.999861
frozen,84,5.6127,2.926407e-5,0.999890
frozen,88,5.7448,6.687362e-6,0.999897
frozen,91,5.8419,1.326959e-5,0.999910
frozen,96,6.0002,3.353507e-6,0.999914
frozen,99,6.0933,1.422237e-5,0.999928
frozen,100,6.1240,8.403201e-6,0.999936
frozen,104,6.2452,5.409028e-6,0.999942
frozen,107,6.3347,9.526697e-6,0.999951
frozen,108,6.3642,5.528374e-6,0.999957
frozen,115,6.5672,4.471659e-6,0.999961
frozen,116,6.5957,8.650691e-6,0.999970
frozen,120,6.7085,2.234663e-6,0.999972
frozen,123,6.7918,3.230955e-6,0.999975
frozen,128,6.9285,4.606327e-7,0.999976
frozen,131,7.0092,5.870999e-6,0.999982
frozen,132,7.0359,2.810559e-6,0.999984
frozen,136,7.1417,1.722356e-6,0.999986
frozen,139,7.2200,2.526650e-6,0.999989
frozen,140,7.2460,1.916440e-6,0.999991
frozen,144,7.3488,7.976755e-7,0.999991
frozen,147,7.4249,1.273560e-6,0.999993
frozen,148,7.4501,5.729247e-7,0.999993
frozen,152,7.5501,1.172104e-6,0.999994
frozen,155,7.6243,1.552250e-6,0.999996
frozen,160,7.7463,2.002257e-7,0.999996
frozen,163,7.8186,2.274615e-7,0.999996
frozen,164,7.8425,8.790395e-7,0.999997
frozen,168,7.9376,2.987233e-7,0.999998
frozen,171,8.0081,6.916073e-7,0.999998
frozen,172,8.0315,1.212294e-7,0.999998
frozen,176,8.1244,9.263159e-8,0.999998
frozen,179,8.1933,3.886289e-7,0.999999
frozen,180,8.2162,2.438017e-7,0.999999
frozen,184,8.3069,1.082033e-7,0.999999
frozen,187,8.3744,8.590400e-8,0.999999
frozen,192,8.4856,1.408264e-8,0.999999
frozen,195,8.5516,1.120612e-7,0.999999
frozen,196,8.5735,7.005859e-8,0.999999
frozen,200,8.6606,8.585394e-8,1.000000
frozen,203,8.7253,8.611107e-8,1.000000
frozen,204,8.7468,4.136197e-8,1.000000
frozen,208,8.8321,1.265017e-8,1.000000
frozen,211,8.8956,4.527097e-8,1.000000
frozen,212,8.9166,4.112855e-8,1.000000
frozen,216,9.0003,3.904182e-8,1.000000
frozen,219,9.0626,3.864202e-8,1.000000
frozen,224,9.1655,1.320591e-8,1.000000
frozen,227,9.2267,3.241834e-8,1.000000
frozen,228,9.2470,1.262804e-8,1.000000
frozen,232,9.3277,3.456824e-9,1.000000
frozen,235,9.3879,6.316003e-9,1.000000
frozen,236,9.4078,1.240170e-8,1.000000
frozen,243,9.5463,1.202417e-8,1.000000
frozen,244,9.5659,9.631652e-9,1.000000
frozen,248,9.6440,6.482154e-9,1.000000
frozen,251,9.7022,1.098525e-8,1.000000
frozen,256,9.7983,2.772011e-10,1.000000
frozen,259,9.8556,4.631255e-9,1.000000
frozen,260,9.8746,4.966692e-9,1.000000
frozen,264,9.9503,2.988187e-9,1.000000
frozen,267,10.0066,1.395806e-9,1.000000
frozen,268,10.0254,9.100307e-10,1.000000
frozen,272,10.0999,1.071886e-9,1.000000
frozen,275,10.1554,2.401000e-9,1.000000
frozen,276,10.1739,2.039073e-9,1.000000
frozen,280,10.2473,7.643987e-10,1.000000
frozen,283,10.3021,1.270154e-9,1.000000
frozen,288,10.3927,3.242362e-10,1.000000
frozen,291,10.4467,1.037136e-9,1.000000
frozen,292,10.4646,5.060298e-10,1.000000
frozen,296,10.5361,7.866724e-10,1.000000
frozen,299,10.5893,1.363028e-9,1.000000
frozen,300,10.6070,4.699814e-10,1.000000
frozen,304,10.6775,1.115175e-10,1.000000
frozen,307,10.7300,3.003561e-10,1.000000
frozen,308,10.7475,5.671564e-10,1.000000
frozen,312,10.8171,1.545364e-10,1.000000
frozen,315,10.8690,4.765601e-10,1.000000
frozen,320,10.9549,4.639222e-11,1.000000
frozen,323,11.0061,2.231601e-10,1.000000
frozen,324,11.0231,2.707274e-10,1.000000
frozen,328,11.0910,7.107053e-11,1.000000
frozen,331,11.1416,1.361718e-10,1.000000
frozen,332,11.1584,1.291848e-10,1.000000
frozen,336,11.2254,5.072191e-11,1.000000
frozen,339,11.2754,1.557052e-10,1.000000
frozen,340,11.2920,4.462406e-11,1.000000
frozen,344,11.3583,9.117249e-11,1.000000
frozen,347,11.4077,8.404150e-11,1.000000
frozen,352,11.4896,1.717295e-11,1.000000
frozen,355,11.5384,5.619947e-11,1.000000
frozen,356,11.5547,8.177922e-11,1.000000
frozen,360,11.6194,4.587568e-11,1.000000
frozen,363,11.6677,3.612751e-11,1.000000
frozen,364,11.6838,1.232782e-11,1.000000
frozen,371,11.7956,4.737234e-11,1.000000
frozen,372,11.8115,1.293687e-11,1.000000
frozen,376,11.8748,1.714513e-11,1.000000
frozen,379,11.9221,9.708535e-12,1.000000
frozen,384,12.0005,3.244578e-12,1.000000
frozen,387,12.0473,1.328800e-11,1.000000
frozen,388,12.0628,5.891518e-12,1.000000
frozen,392,12.1248,8.377358e-12,1.000000
frozen,395,12.1711,1.414022e-11,1.000000
frozen,396,12.1865,6.051950e-12,1.000000
frozen,400,12.2479,1.399147e-12,1.000000
frozen,403,12.2938,2.497081e-12,1.000000
frozen,404,12.3090,8.333192e-12,1.000000
frozen,408,12.3698,1.513312e-12,1.000000
frozen,411,12.4152,4.316204e-12,1.000000
frozen,416,12.4905,1.540744e-12,1.000000
frozen,419,12.5354,4.672543e-12,1.000000
frozen,420,12.5504,1.896101e-12,1.000000
