distance,bound,allowance,ratio
0.007773911320719383,0.07203256199456919,0.9062706419097732,0.10792218276653118
0.016411590565963228,0.34069209519888694,0.9062706419097732,0.048171327709797845
0.5721776219345487,0.9788149945791436,0.9062706419097732,0.5845615617898918
0.02860204489038211,0.07382391793534918,0.9062706419097732,0.3874360192509718
1.0529304108795474,10.525475891843426,0.9062706419097732,0.1000363709630936
0.1420001181285948,0.29835708323378907,0.9062706419097732,0.47594016066085887
0.012649110640673525,0.01689290293752106,0.9062706419097732,0.7487825323721248
0.15116571469144233,0.46007154671892475,0.9062706419097732,0.32857001431517613
0.3036174899821522,0.3309587182028595,0.9062706419097732,0.917387798789006
0.01600931723807778,0.0905473992788838,0.9062706419097732,0.17680593109879905
0.9710235457792409,11.401962401368824,0.9062706419097732,0.08516284404364181
0.12216402485142447,0.12963404293590272,0.9062706419097732,0.9423761080399862
0.01264911064067353,0.013844779433138464,0.9062706419097732,0.9136375701585382
0.2139800100691474,0.498444509090083,0.9062706419097732,0.4292955507921448
0.1726411160334386,0.177175511279223,0.9062706419097732,0.974407325182551
0.011137693719846051,0.09330042086879166,0.9062706419097732,0.11937452817612672
0.959916251210391,11.376636472875111,0.9062706419097732,0.08437610303353574
0.09463371007058247,0.09711702252458172,0.9062706419097732,0.9744296891580393
0.012649110640673498,0.012656088576744103,0.9062706419097732,0.9994486498709066
0.2996569817260124,0.5719452855430049,0.9062706419097732,0.523925958129925
1.7298418419933466e-05,6.772858731337751e-05,0.9062706419097732,0.25540793195485334
0.00946143334858454,0.09616018135134377,0.9062706419097732,0.09839242413671179
0.8455297695381756,10.032957943414097,0.9062706419097732,0.08427522315023797
0.09510813906504621,0.10879663814725136,0.9062706419097732,0.8741827016412181
0.012649110640673547,0.019325817474758644,0.9062706419097732,0.6545187885166819
0.1265911161239666,0.4580808952758221,0.9062706419097732,0.27635100574919824
0.35856401069160126,0.40677576789422415,0.9062706419097732,0.8814782958871836
0.018413627483236182,0.09054532518778576,0.9062706419097732,0.20336364627381243
0.9953638567204398,11.377109185739343,0.9062706419097732,0.08748829254166607
0.14754534514136464,0.23190019912450902,0.9062706419097732,0.6362450127183651
0.17889595941896314,0.20277329693031443,0.9062706419097732,0.8822461444735643
0.002343587248070351,0.0030634919643264006,0.9062706419097732,0.7650051886412106
6.089129219309336e-13,0.027303452889565514,0.9062706419097732,2.2301681929893937e-11
0.02263346793493208,0.025045230021411666,0.9062706419097732,0.9037037358244375
0.0003720224424525872,0.0004882161569525483,0.9062706419097732,0.7620035452631396
0.019699348160575565,0.21352779071282085,0.9062706419097732,0.09225660086124217
0.0006129740090820844,0.006229834435587614,0.9062706419097732,0.09839330650273809
1.2960010429221575e-10,0.7420990430663039,0.9062706419097732,1.746399021843725e-10
3.744303993610507e-09,0.27182947455236,0.9062706419097732,1.3774459152292096e-08
4.621865082802181e-11,0.37372081032306037,0.9062706419097732,1.2367160070125187e-10
0.0005807898503374469,0.0006360786777544024,0.9062706419097732,0.9130786342152737
0.003324491178435313,0.003624399473794702,0.9062706419097732,0.9172529690703799
0.0021596376439898366,0.002822090981920715,0.9062706419097732,0.7652615233970902
0.014985206693311099,1.545873635682728,0.9062706419097732,0.009693681519248466
8.143049577947992e-15,0.0005769566628660866,0.9062706419097732,1.411379762475855e-11
0.002034028596370201,0.002657363732407404,0.9062706419097732,0.7654310065139254
0.0004620783364001023,0.0006047419429626509,0.9062706419097732,0.7640917614153984
1.63141554893675e-16,6.250518629519895e-05,0.9062706419097732,2.6100482946037705e-12
0.002506503989554172,0.0027163479363838125,0.9062706419097732,0.9227477658443862
0.0010038704334829967,0.0011410736444248159,0.9062706419097732,0.8797595478502358
0.002491930191322398,2.5860967533723977,0.9062706419097732,0.000963587378574602
0.005943919325264484,0.49653549628419336,0.9062706419097732,0.011970784303933162
3.804961769274635e-05,0.00028203033533181,0.9062706419097732,0.13491320941763515
0.08631220113829464,1.1029777154386982,0.9062706419097732,0.07825380325473288
1.1828755209108191e-14,0.0002903887078644571,0.9062706419097732,4.073421207077179e-11
0.002480998495455919,0.018446162801961184,0.9062706419097732,0.13449943612078175
0.015365366516956172,0.190916798596131,0.9062706419097732,0.08048200383592415
7.207094305372289e-13,0.1850389056003982,1.0931417213906673,3.8949075503810045e-12
4.4332012096540056e-14,0.0002242123194560432,0.9062706419097732,1.977233552736666e-10
0.061980501754652494,0.38731570200818294,0.9062706419097732,0.1600257914494337
0.012084742968978048,0.08421310800597606,0.9062706419097732,0.14350192333621592
0.0020909441972161488,0.0020920489925494697,0.9062706419097732,0.9994719075235544
0.01264911064067354,0.019053328646251696,3.122669106869245e-08,0.6638793082048664
0.11808409655206469,0.3964554492351316,3.122669106869245e-08,0.29784959893950363
0.3464002194814495,0.3915259970940935,3.122669106869245e-08,0.8847438536711033
0.01770323832694476,0.029529557044842426,3.122669106869245e-08,0.5995091054045042
1.008556039523889,4.280664639114165,3.122669106869245e-08,0.2356073471180864
0.11617649130737218,0.13225414502830937,3.122669106869245e-08,0.8784336497166442
0.012649110640673516,0.013340021175433215,3.122669106869245e-08,0.9482076883032188
0.232940532958647,0.502239890531849,3.122669106869245e-08,0.46380332854878104
0.13043740496574402,0.13238348492162758,3.122669106869245e-08,0.9852996772442147
0.010089939099633936,0.036218951438837306,3.122669106869245e-08,0.27858175620221215
0.8776623988267374,4.13636345542477,3.122669106869245e-08,0.21218212767925365
0.10703047129424957,0.10818553605364074,3.122669106869245e-08,0.9893232977205154
0.01264911064067352,0.012877772106040342,3.122669106869245e-08,0.982243709277976
0.26190292966686807,0.5213778954595328,3.122669106869245e-08,0.5023284108276813
0.07055526109717175,0.07087019906887865,3.122669106869245e-08,0.9955561297153857
0.009277789592349312,0.03732016121202822,3.122669106869245e-08,0.24859993341505443
1.0102742385548247,4.865240924981825,3.122669106869245e-08,0.20765143065522468
0.09576841569741858,0.09770785881682263,3.122669106869245e-08,0.9801505923587988
0.012649110640673492,0.012657009507121297,3.122669106869245e-08,0.9993759294844994
0.29756610572349973,0.5548895026582571,3.122669106869245e-08,0.5362619121428279
6.9187892013414735e-06,6.919410632195499e-06,3.122669106869245e-08,0.9999101902044758
0.0095693904585714,0.03846406568477888,3.122669106869245e-08,0.24878780462249028
0.9208449261220093,4.404327108168949,3.122669106869245e-08,0.2090773240738789
0.09397031954944453,0.09664413990785113,3.122669106869245e-08,0.972333342084103
0.01264911064067356,0.013665386179816021,3.122669106869245e-08,0.9256314072818874
0.21992698813427344,0.498782913149797,3.122669106869245e-08,0.44092726983256514
0.15916817893786844,0.1627103052309785,3.122669106869245e-08,0.978230473551864
0.010764215653653656,0.036218119090531596,3.122669106869245e-08,0.2972052642144996
0.9659545117766063,4.577805409101843,3.122669106869245e-08,0.21100820708893453
0.11720108151323634,0.1253164809739099,3.122669106869245e-08,0.9352407648411134
0.0036433877762493375,0.0036977458334698098,3.122669106869245e-08,0.9852996772443213
0.029664940707729622,0.029797356293923695,3.122669106869245e-08,0.9955561297154045
0.001036188896541098,0.005208731486734386,3.122669106869245e-08,0.19893306060795557
5.323274701271719e-07,0.0054670151352120095,3.122669106869245e-08,9.737076941648679e-05
0.002855181971948293,0.0041840788782564935,3.122669106869245e-08,0.6823920043156663
0.006204592487713367,0.024416806196934374,3.122669106869245e-08,0.2541115507765458
0.0469074951895865,0.9618100470365437,3.122669106869245e-08,0.04877001995780177
8.120605107729524e-07,0.0011372663500477467,3.122669106869245e-08,0.000714046019860571
0.007591428184258522,0.007704689608232248,3.122669106869245e-08,0.9852996772442709
0.0004266507792112331,0.00044593321512352536,3.122669106869245e-08,0.9567593638277182
0.06307643626554739,0.06632343953982343,3.122669106869245e-08,0.9510428998133246
6.010905744589172e-07,0.006181278038325913,3.122669106869245e-08,9.724373676963927e-05
9.726352062690308e-07,0.0010170995765686668,3.122669106869245e-08,0.0009562831689993983
0.002355891680932066,0.0025213012001100875,3.122669106869245e-08,0.9343951769146823
0.05096588873549849,0.05141915726642908,3.122669106869245e-08,0.9911848315875351
0.13191965886200077,0.14910491699334374,3.122669106869245e-08,0.8847438536711023
9.913905828283941e-08,0.00019726201353663698,3.122669106869245e-08,0.0005025755162152726
2.6555888454424664e-06,2.6558273649141063e-06,3.122669106869245e-08,0.9999101901445888
6.446340792979922e-07,0.004110130533187006,3.122669106869245e-08,0.00015684029353640536
1.3062543895170741e-06,0.01544686642195238,3.122669106869245e-08,8.456436107071433e-05
0.08435445233040322,0.3390618532384355,3.122669106869245e-08,0.24878779940804302
0.20543788694381893,0.38919004411544234,3.122669106869245e-08,0.5278600777436165
0.011826046617575265,0.05600152962628399,3.122669106869245e-08,0.21117363572913514
0.12021130324398319,0.12657859512467595,3.122669106869245e-08,0.9496969303978988
0.0004288493693528405,0.000624403602575299,3.122669106869245e-08,0.6868143738826749
6.931662514618135e-05,0.07274262787369505,3.122669106869245e-08,0.0009529024063653246
0.0212589258326328,0.021353819436288415,3.122669106869245e-08,0.9955561297154011
1.3093735402284489e-08,0.0002411145351123786,3.122669106869245e-08,5.430504385055743e-05
0.00038505240660153124,0.0004024433223353641,3.122669106869245e-08,0.9567866708958817
0.0013061401873185122,0.0013965741594293448,3.122669106869245e-08,0.9352458503544238
0.0009816967230339168,0.0009860787289957158,3.122669106869245e-08,0.9955561297156649
0.000433569503097389,0.00044321815238803497,3.122669106869245e-08,0.9782304735519979
0.01264911064067355,0.014100200257238424,1.227845707079786e-10,0.8970873044288894
0.20592086969322454,0.49440464889269764,1.227845707079786e-10,0.41650269704061027
0.18969725688588993,0.19576299854704704,1.227845707079786e-10,0.969014871522315
0.011007625725892983,0.014764778522420707,1.227845707079786e-10,0.7455327358400677
0.9516596897478666,2.202901417045161,1.227845707079786e-10,0.43200284968919106
0.10812808960923279,0.11047215860215263,1.227845707079786e-10,0.9787813597328027
0.012649110640673521,0.012867099684815178,1.227845707079786e-10,0.9830584164666951
0.2584271383360885,0.4950015555060358,1.227845707079786e-10,0.5220733863591613
0.06586649722360151,0.06619174246081382,1.227845707079786e-10,0.9950863170371311
0.009076221863140636,0.01810947571941479,1.227845707079786e-10,0.5011863404422143
0.9297179418837992,2.232180430862521,1.227845707079786e-10,0.41650662689689183
0.10136851916795055,0.10296427276478362,1.227845707079786e-10,0.9845018708530241
0.012649110640673509,0.012740162485481805,1.227845707079786e-10,0.9928531645564133
0.27318521972838095,0.5048259128758164,1.227845707079786e-10,0.5411473792463237
0.03535520490409339,0.03543509953443947,1.227845707079786e-10,0.9977453250761035
0.009103863232620411,0.018660080606008763,1.227845707079786e-10,0.48787909467491053
0.9130001945091413,2.22504683621383,1.227845707079786e-10,0.41032852866266617
0.09687557822755892,0.099314554296993,1.227845707079786e-10,0.975441906911846
0.012649110640673488,0.012668214923815983,1.227845707079786e-10,0.9984919514503516
0.29105139854518325,0.5195820010720476,1.227845707079786e-10,0.5601645129058749
3.456344434059076e-06,3.4597053159757832e-06,1.227845707079786e-10,0.9990285641088599
0.009437341178146583,0.019232032842383198,1.227845707079786e-10,0.49070949782015477
0.9007419352823974,2.1894696104757316,1.227845707079786e-10,0.4113973224258101
0.09191200486496703,0.09413845955243876,1.227845707079786e-10,0.9763491489232251
0.01264911064067354,0.012951314824363182,1.227845707079786e-10,0.9766661387057664
0.2516571900336108,0.492054486117382,1.227845707079786e-10,0.5114417145534911
0.08081130290800465,0.08135515261548931,1.227845707079786e-10,0.9933151166213764
0.009167856480124604,0.018109059545260958,1.227845707079786e-10,0.506258011754331
0.882212846720574,2.1347602940073136,1.227845707079786e-10,0.4132608467550744
0.10371408246196274,0.10575536405627155,1.227845707079786e-10,0.9806980798324078
6.561498239135139e-05,0.0032584169118827864,1.227845707079786e-10,0.02013707397358111
0.0005426752699624438,0.0005600278034019504,1.227845707079786e-10,0.9690148715222768
0.0358336584413439,0.037198399565878074,1.227845707079786e-10,0.9633118322169419
0.00043603893236516893,0.00043646320978633685,1.227845707079786e-10,0.9990279193946825
0.025970920420479094,0.06900641850319326,1.227845707079786e-10,0.3763551417941984
0.023122385574921137,0.20002919685203763,1.227845707079786e-10,0.11559505281633889
0.0006107996089848587,0.03670274142221087,1.3319231077515673e-10,0.016641798005181976
3.2845426914112104e-06,0.00016772319909571953,1.227845707079786e-10,0.01958311497228671
0.0006640975785109309,0.029582702312372984,1.227845707079786e-10,0.022448847691414982
0.040206888228789164,0.04046641190040291,1.227845707079786e-10,0.9935866893202072
6.746080096467344e-07,6.752639854303392e-07,1.227845707079786e-10,0.9990285639427567
7.279843874135046e-06,0.00022778756960913026,1.227845707079786e-10,0.03195891631236428
6.59989304336793e-05,0.0028580148777065367,1.227845707079786e-10,0.023092577630890877
0.0009788172545334636,0.0009832735018418003,1.227845707079786e-10,0.9954679473208731
0.0004067273946996487,0.00040873579280081786,1.227845707079786e-10,0.995086317037696
0.00017613235559179496,0.002203906013767751,1.227845707079786e-10,0.0799182698769821
0.010990990268772989,0.011015827378529124,1.227845707079786e-10,0.9977453250761223
0.002783933669098285,0.06449750095497303,1.227845707079786e-10,0.0431634346738768
0.003179126315293731,0.0031823256985979314,1.227845707079786e-10,0.9989946398932045
0.013832622799344801,0.03060787122341482,1.227845707079786e-10,0.4519302469086101
2.8005366990496156e-05,0.0005187548771033875,1.227845707079786e-10,0.05398574206544704
0.00025187517087187284,0.000276950499251148,1.227845707079786e-10,0.9094591688873035
0.0012106876066317386,0.00290649467188077,1.227845707079786e-10,0.41654561363716935
0.00017541932536586585,0.00017659987493475845,1.227845707079786e-10,0.9933151166198235
0.0013847094332822526,0.004075444256921077,1.227845707079786e-10,0.33976895425098386
0.07567939098522537,0.18116362831356572,1.227845707079786e-10,0.4177405348397873
0.005199768162803896,0.3052657117760611,2.2336609708267281e-10,0.017033580786231167
0.22086143157514365,0.6923406188963213,1.2264843436619216e-10,0.31900689566246276
2.183256285817225e-05,0.0004694377081501548,1.227845707079786e-10,0.046507901856041076
0.0010095111606929857,0.0010141129245190708,1.227845707079786e-10,0.9954622767200532
0.2737241246554751,0.5822169722880531,1.227845707079786e-10,0.4701410946159252
1.9187955795438365e-05,0.0005998785447363182,1.227845707079786e-10,0.03198640118704795
0.012649110640673531,0.013166146025827243,1.3911679555697493e-11,0.9607299369048866
0.22508940513652131,0.4285062342236688,2.0070695521793966e-11,0.5252885189507667
0.06354000783106162,0.06525433284901572,1.3911679555697493e-11,0.9737285641718125
0.004776694637363477,0.004921592840806866,1.3911679555697493e-11,0.9705586772148275
0.5723561694462105,0.6990208317536843,1.3911679555697493e-11,0.8187970135457895
0.09014286712927252,0.09275248361241124,1.3911679555697493e-11,0.9718647266196814
0.012649110640673523,0.013066895243385614,1.3911679555697493e-11,0.9680272478710219
0.23959951550661754,0.43424248526923365,1.950413771447518e-11,0.5517643336028348
0.021427575859143757,0.0220639141536047,1.3911679555697493e-11,0.9711593196913804
0.005689175990173953,0.006036491906471544,1.3911679555697493e-11,0.942463947325889
0.5262488185208061,0.654011892331203,1.3911679555697493e-11,0.8046471703213379
0.08209127765456968,0.08595361211915653,1.3911679555697493e-11,0.955064896409094
0.012649110640673533,0.01304288928766419,1.3911679555697493e-11,0.9698089404651248
0.24439743628886004,0.43708719292205184,1.933466349078824e-11,0.5591503028377333
0.01147558174861271,0.01181169984481335,1.3911679555697493e-11,0.9715436304158853
0.0058470724214486096,0.006220026868669744,1.3911679555697493e-11,0.9400397369503812
0.6238209217401649,0.7749319692747291,1.3911679555697493e-11,0.805000885850675
0.08062081230001335,0.08468928056751718,1.3911679555697493e-11,0.951960056334871
0.01264911064067353,0.013021116763047335,1.3911679555697493e-11,0.9714305516843592
0.25018962260373573,0.44068013490736163,1.914296528194259e-11,0.567735195634198
1.1209998081348905e-06,1.1532351057085287e-06,1.3911679555697493e-11,0.9720479393888782
0.006021811114520971,0.0064106776141277565,1.3911679555697493e-11,0.9393408118433834
0.5491341919018559,0.6924365514654359,1.3911679555697493e-11,0.7930462231372643
0.07900758554322744,0.0836111170153078,1.3911679555697493e-11,0.9449411557169183
0.01264911064067355,0.013079278306220844,1.3911679555697493e-11,0.9671107491196441
0.2373882074175602,0.4330072636025174,1.9549434190109243e-11,0.5482314671641921
0.02633398321660477,0.027118384205162938,1.3911679555697493e-11,0.9710749363743866
0.0056852109064177625,0.006036353181753386,1.3911679555697493e-11,0.9418287391802964
0.5931539417627266,0.729267012681738,1.3911679555697493e-11,0.8133563310117622
0.08286489204421102,0.08706025926632913,1.3911679555697493e-11,0.951810765813551
0.004806058226469902,0.00494878453928362,1.3911679555697493e-11,0.9711593196913805
0.0013125852937145458,0.0025568723251212107,1.3911679555697493e-11,0.5133558218055809
0.10535394909890793,0.13229009371337283,1.3911679555697493e-11,0.7963857772084865
0.10185874556476605,0.11136827546306084,1.3911679555697493e-11,0.9146118599865637
6.634888996052031e-07,9.39260310663816e-07,1.3911679555697493e-11,0.706395119725954
0.03799416368060665,0.1103934282685744,1.5118426623031327e-11,0.34417052062348547
0.05951307981118033,0.06397689481581152,1.3911679555697493e-11,0.9302277014618723
0.0002520906745435449,0.0006325910922752457,1.3911679555697493e-11,0.39850493884896204
0.025118607433522854,0.026074443390250765,1.3911679555697493e-11,0.9633420379326181
8.324702767741273e-05,8.568532083491089e-05,1.3911679555697493e-11,0.97154363041721
0.014171244868647171,0.01735859739911296,1.3911679555697493e-11,0.8163819082163478
0.0003611463346722172,0.0003718713576128124,1.3911679555697493e-11,0.9711593196920482
0.00023159871750152219,0.0002384972660980327,1.3911679555697493e-11,0.971074936374009
0.10532735662273449,0.11713524312780117,1.3911679555697493e-11,0.8991944167291853
0.004140791973861685,0.004262075159804155,1.3911679555697493e-11,0.9715436304159304
0.0028465419121112747,0.005188543352888062,1.3911679555697493e-11,0.5486206278929566
0.00131069742802293,0.001847518586341355,1.3911679555697493e-11,0.7094366669504023
6.192299171972327e-09,6.370364170533705e-09,1.3911679555697493e-11,
7.718989872438611e-05,0.00018613486566325578,1.3911679555697493e-11,0.4146987639813463
0.1256665849347974,0.13858061347372538,1.3911679555697493e-11,0.906812156367193
1.6399301670174904e-06,3.539618665669061e-06,1.3911679555697493e-11,0.4633070174827745
0.13859162382209875,0.1951660514120121,1.3911679555697493e-11,0.7101215750351995
0.005535228597222164,0.010896726817467912,1.3911679555697493e-11,0.5079716771782293
0.0002878409499324802,0.00029560696946097196,1.3911679555697493e-11,0.9737285641720397
0.001131339202020562,0.0024389280991590273,1.3911679555697493e-11,0.4638673860089036
0.0002394942478060605,0.0005850022285383385,1.3911679555697493e-11,0.4093903170325532
0.0021243170569864955,0.0025796889950357965,1.3911679555697493e-11,0.8234779700477103
0.00033691284861026,0.0006833586838066106,1.3911679555697493e-11,0.4930249027253245
0.016884969603402005,0.029162168136607932,1.3911679555697493e-11,0.5790025461860608
0.02665306781210929,0.027645106512265313,1.3911679555697493e-11,0.9641152151207706
0.03049952930681144,0.031679005607537045,1.3911679555697493e-11,0.96276788749818
0.0009297699010929239,0.002046173861982429,1.3919208234088416e-11,0.45439437887849826
0.01264911064067356,0.013640366021116991,1.1579818009559693e-11,0.9273292682242658
0.21281484131084275,0.4124558416554258,2.004641554146037e-11,0.5159700016774952
0.018217299692778022,0.019576299854704767,1.1579818009559693e-11,0.93057931417003
0.0014045778356112629,0.0014764778522420297,1.1579818009559693e-11,0.9513030171623728
0.20094174877558957,0.22064231488447697,1.1579818009559693e-11,0.9107126567304094
0.07266987663757316,0.07931701749583578,1.1579818009559693e-11,0.916195274757884
0.012649110640673537,0.01364823256129772,1.1579818009559693e-11,0.9267947760901003
0.21703280804487168,0.4146355463082415,1.9853483945445503e-11,0.5234302991560901
0.006144034310141303,0.006619174246081559,1.1579818009559693e-11,0.9282176419178675
0.001752314748154037,0.0018109475719413793,1.1579818009559693e-11,0.9676231246581665
0.20045666054131736,0.22244648102731823,1.1579818009559693e-11,0.9011455682083802
0.07037988651773869,0.07752217720381137,1.1579818009559693e-11,0.907867774826614
0.012649110640673512,0.013642199441664865,1.1579818009559693e-11,0.9272046413602235
0.21841543895517807,0.4154103110764391,1.9792064606509246e-11,0.5257824207329022
0.003289421183216583,0.003543509953444103,1.1579818009559693e-11,0.9282946080113139
0.0018065832891532281,0.0018660080606009515,1.1579818009559693e-11,0.9681540649783766
0.17755838163529572,0.1977415775764332,1.1579818009559693e-11,0.897931450792962
0.06996012286712652,0.07714331936025806,1.1579818009559693e-11,0.9068850478213658
0.012649110640673523,0.013634509836041447,1.1579818009559693e-11,0.9277275672380153
0.22007828953571432,0.4163533593450965,1.971939751781611e-11,0.5285853580763387
3.2122862098269956e-07,3.459705317767147e-07,1.1579818009559693e-11,0.9284854965336086
0.0018611458220481195,0.0019232032842383528,1.1579818009559693e-11,0.9677322399047328
0.20851861152050005,0.23132203511221283,1.1579818009559693e-11,0.9014213082612256
0.0694985035903908,0.0769381781217482,1.1579818009559693e-11,0.90330321417821
0.01264911064067355,0.013650401094768736,1.1579818009559693e-11,0.9266475433839881
0.21639376166286056,0.41428261342840245,1.9880812976847035e-11,0.5223336791087864
0.007551787597998886,0.008135515261548695,1.1579818009559693e-11,0.9282494538104168
0.0017520398499306956,0.0018109059545261027,1.1579818009559693e-11,0.9674935606411368
0.18162167320965544,0.20112114038685458,1.1579818009559693e-11,0.9030461584511101
0.07060040838346095,0.07791921124894263,1.1579818009559693e-11,0.9060719077083702
0.0046722549927807186,0.005036152333767271,1.1579818009559693e-11,0.927742983756343
0.0005420715204992076,0.0007065352765638816,1.1579818009559693e-11,0.7672249900040145
0.009190035722723007,0.010311295344684682,1.1579818009559693e-11,0.8912590916581914
2.6822315451254468e-05,2.8896580111963477e-05,1.1579818009559693e-11,0.9282176419260685
0.05384999974358612,0.07114713134242177,1.1734464245725321e-11,0.756882234427881
0.0010104971337785732,0.0010886051477119213,1.1579818009559693e-11,0.9282494538102093
0.0015018614346038114,0.0019695198113592314,1.1579818009559693e-11,0.762552082970583
0.04329912082809904,0.05493279956100823,1.1715451955202445e-11,0.7882198099154066
0.0020190388437001127,0.0021745959573399747,1.1579818009559693e-11,0.9284661993807145
0.16670823650308844,0.22097909772979712,1.2219991721037742e-11,0.7544072639256201
0.0013595974705214234,0.0017442868511357093,1.1579818009559693e-11,0.7794575012912505
0.026895215983241013,0.030908955587595828,1.1577902361353307e-11,0.8701431501630685
0.00021857772225899932,0.00025468545749836053,1.1579818009559693e-11,0.8582261602447653
0.011989160213707873,0.012929138609032114,1.1579818009559693e-11,0.927297678232981
0.0008772839376360817,0.0010210872340079798,1.158141111555926e-11,0.8591664927516132
0.0006360480748955101,0.0006850396581864873,1.1579818009559693e-11,0.9284835809058513
0.07167927889307893,0.10225577822701015,1.1919775267213761e-11,0.7009802295372424
4.880232722504076e-09,5.2561218169674885e-09,1.1579818009559693e-11,
0.041974679500352934,0.05376052330997562,1.161872037275878e-11,0.780771408387021
0.003191403899931618,0.00382002570645382,1.1579818009559693e-11,0.8354404250578304
0.0007374440577078176,0.0007932545801280519,1.1579818009559693e-11,0.9296436178014565
0.0006331823673910954,0.0006822593359936455,1.1579818009559693e-11,0.9280669885871563
0.0024725752357610095,0.00330218533023416,1.1584959393255887e-11,0.7487693719436631
0.10639842397248063,0.1224818214372996,1.1666785810571222e-11,0.8686874731606411
0.000888177413846272,0.0009570350223373944,1.1579818009559693e-11,0.9280511090148514
0.036045402856761236,0.03726724561831703,1.1579818009559693e-11,0.9672140309463801
0.0007355540825080387,0.0007924122276144646,1.1579818009559693e-11,0.928246759546359
0.0015205576129534604,0.0016732218549070832,1.1579818009559693e-11,0.9087603108303289
0.002383681819735444,0.0027590459837696685,1.1579818009559693e-11,0.8639514650200333
0.0017512105548809897,0.001886123093097157,1.1579818009559693e-11,0.9284709790628614
0.0008257863216476029,0.000889393745350173,1.1579818009559693e-11,0.9284822677974574
0.1432162579564399,0.1763343570718,1.1908561330148828e-11,0.812185783500631
