candidate,system,iteration,proposal,window_bound,window_error,full_error,window_over_bound
Si_2,Si,2,online_low_cutoff,6.405461617089094e-10,1.3417299462828892e-09,0.5401248520107589,2.094665500302579
Si_3,Si,3,target_converged_subspace_oracle,1.2411575988742632e-10,1.252133650690354e-10,0.09478531830282313,1.0088433989575911
Si_5,Si,5,online_low_cutoff,1.1383570705296913e-09,1.3069918082137007e-10,0.4754368010956584,0.1148138700983815
Si_6,Si,6,target_converged_subspace_oracle,2.8906803706003226e-10,1.2402301990562243e-10,0.031185853769409466,0.4290443909572262
graphene_5,graphene,5,online_low_cutoff,5.014471603316699e-11,8.192918585600887e-12,1.2020321195227568,0.1633854817361391
graphene_6,graphene,6,target_converged_subspace_oracle,0.003624397849323171,1.6435802041322418e-10,0.40319758540109,4.534767628888115e-08
Al_2,Al,2,online_low_cutoff,3.2339644382612894e-10,1.7509520910584184e-09,0.35446464973969294,5.41425895208607
Al_3,Al,3,target_converged_subspace_oracle,5.245404976933143e-10,7.423120930524889e-10,0.0068202075426530085,1.4151664100614405
Al_5,Al,5,online_low_cutoff,3.4121134387813345e-10,1.7705490658295847e-09,0.3573667978777864,5.189009971667154
Al_6,Al,6,target_converged_subspace_oracle,5.206888680451836e-10,7.544807629763631e-10,0.004500052106619667,1.449004980284871
