id,shell,g_bohr_inv,share,cumulative,retained
shell:3,3,1.0607,5.088089e-1,0.508809,True
shell:4,4,1.2248,2.366344e-1,0.745443,True
shell:8,8,1.7321,1.001153e-1,0.845559,True
shell:11,11,2.0311,5.849485e-2,0.904053,True
shell:12,12,2.1214,3.409725e-2,0.938151,True
shell:16,16,2.4496,3.217816e-3,0.941368,True
shell:19,19,2.6694,1.718056e-2,0.958549,True
shell:20,20,2.7387,1.737056e-2,0.975920,True
shell:24,24,3.0001,6.528643e-3,0.982448,True
shell:27,27,3.1821,1.023633e-2,0.992685,True
shell:32,32,3.4642,2.595014e-4,0.992944,False
shell:35,35,3.6230,2.164749e-3,0.995109,False
shell:36,36,3.6744,1.844475e-3,0.996953,False
shell:40,40,3.8731,6.785590e-4,0.997632,False
shell:43,43,4.0158,5.417552e-4,0.998174,False
shell:44,44,4.0622,4.376872e-4,0.998611,False
shell:48,48,4.2428,1.058997e-4,0.998717,False
shell:51,51,4.3734,3.431270e-4,0.999060,False
shell:52,52,4.4161,1.595347e-4,0.999220,False
shell:56,56,4.5828,1.846873e-4,0.999405,False
shell:59,59,4.7039,2.198675e-4,0.999624,False
shell:64,64,4.8992,1.240962e-5,0.999637,False
shell:67,67,5.0127,2.678300e-5,0.999664,False
shell:68,68,5.0499,6.618383e-5,0.999730,False
shell:72,72,5.1964,2.521480e-5,0.999755,False
shell:75,75,5.3035,4.063173e-5,0.999796,False
shell:76,76,5.3387,2.244562e-5,0.999818,False
shell:80,80,5.4774,7.435877e-6,0.999826,False
shell:83,83,5.5792,3.548140e-5,0.999861,False
shell:84,84,5.6127,2.926407e-5,0.999890,False
shell:88,88,5.7448,6.687362e-6,0.999897,False
shell:91,91,5.8419,1.326959e-5,0.999910,False
shell:96,96,6.0002,3.353507e-6,0.999914,False
shell:99,99,6.0933,1.422237e-5,0.999928,False
shell:100,100,6.1240,8.403201e-6,0.999936,False
shell:104,104,6.2452,5.409028e-6,0.999942,False
shell:107,107,6.3347,9.526697e-6,0.999951,False
shell:108,108,6.3642,5.528374e-6,0.999957,False
shell:115,115,6.5672,4.471659e-6,0.999961,False
shell:116,116,6.5957,8.650691e-6,0.999970,False
shell:120,120,6.7085,2.234663e-6,0.999972,False
shell:123,123,6.7918,3.230955e-6,0.999975,False
shell:128,128,6.9285,4.606327e-7,0.999976,False
shell:131,131,7.0092,5.870999e-6,0.999982,False
shell:132,132,7.0359,2.810559e-6,0.999984,False
shell:136,136,7.1417,1.722356e-6,0.999986,False
shell:139,139,7.2200,2.526650e-6,0.999989,False
shell:140,140,7.2460,1.916440e-6,0.999991,False
shell:144,144,7.3488,7.976755e-7,0.999991,False
shell:147,147,7.4249,1.273560e-6,0.999993,False
shell:148,148,7.4501,5.729247e-7,0.999993,False
shell:152,152,7.5501,1.172104e-6,0.999994,False
shell:155,155,7.6243,1.552250e-6,0.999996,False
shell:160,160,7.7463,2.002257e-7,0.999996,False
shell:163,163,7.8186,2.274615e-7,0.999996,False
shell:164,164,7.8425,8.790395e-7,0.999997,False
shell:168,168,7.9376,2.987233e-7,0.999998,False
shell:171,171,8.0081,6.916073e-7,0.999998,False
shell:172,172,8.0315,1.212294e-7,0.999998,False
shell:176,176,8.1244,9.263159e-8,0.999998,False
shell:179,179,8.1933,3.886289e-7,0.999999,False
shell:180,180,8.2162,2.438017e-7,0.999999,False
shell:184,184,8.3069,1.082033e-7,0.999999,False
shell:187,187,8.3744,8.590400e-8,0.999999,False
shell:192,192,8.4856,1.408264e-8,0.999999,False
shell:195,195,8.5516,1.120612e-7,0.999999,False
shell:196,196,8.5735,7.005859e-8,0.999999,False
shell:200,200,8.6606,8.585394e-8,1.000000,False
shell:203,203,8.7253,8.611107e-8,1.000000,False
shell:204,204,8.7468,4.136197e-8,1.000000,False
shell:208,208,8.8321,1.265017e-8,1.000000,False
shell:211,211,8.8956,4.527097e-8,1.000000,False
shell:212,212,8.9166,4.112855e-8,1.000000,False
shell:216,216,9.0003,3.904182e-8,1.000000,False
shell:219,219,9.0626,3.864202e-8,1.000000,False
shell:224,224,9.1655,1.320591e-8,1.000000,False
shell:227,227,9.2267,3.241834e-8,1.000000,False
shell:228,228,9.2470,1.262804e-8,1.000000,False
shell:232,232,9.3277,3.456824e-9,1.000000,False
shell:235,235,9.3879,6.316003e-9,1.000000,False
shell:236,236,9.4078,1.240170e-8,1.000000,False
shell:243,243,9.5463,1.202417e-8,1.000000,False
shell:244,244,9.5659,9.631652e-9,1.000000,False
shell:248,248,9.6440,6.482154e-9,1.000000,False
shell:251,251,9.7022,1.098525e-8,1.000000,False
shell:256,256,9.7983,2.772011e-10,1.000000,False
shell:259,259,9.8556,4.631255e-9,1.000000,False
shell:260,260,9.8746,4.966692e-9,1.000000,False
shell:264,264,9.9503,2.988187e-9,1.000000,False
shell:267,267,10.0066,1.395806e-9,1.000000,False
shell:268,268,10.0254,9.100307e-10,1.000000,False
shell:272,272,10.0999,1.071886e-9,1.000000,False
shell:275,275,10.1554,2.401000e-9,1.000000,False
shell:276,276,10.1739,2.039073e-9,1.000000,False
shell:280,280,10.2473,7.643987e-10,1.000000,False
shell:283,283,10.3021,1.270154e-9,1.000000,False
shell:288,288,10.3927,3.242362e-10,1.000000,False
shell:291,291,10.4467,1.037136e-9,1.000000,False
shell:292,292,10.4646,5.060298e-10,1.000000,False
shell:296,296,10.5361,7.866724e-10,1.000000,False
shell:299,299,10.5893,1.363028e-9,1.000000,False
shell:300,300,10.6070,4.699814e-10,1.000000,False
shell:304,304,10.6775,1.115175e-10,1.000000,False
shell:307,307,10.7300,3.003561e-10,1.000000,False
shell:308,308,10.7475,5.671564e-10,1.000000,False
shell:312,312,10.8171,1.545364e-10,1.000000,False
shell:315,315,10.8690,4.765601e-10,1.000000,False
shell:320,320,10.9549,4.639222e-11,1.000000,False
shell:323,323,11.0061,2.231601e-10,1.000000,False
shell:324,324,11.0231,2.707274e-10,1.000000,False
shell:328,328,11.0910,7.107053e-11,1.000000,False
shell:331,331,11.1416,1.361718e-10,1.000000,False
shell:332,332,11.1584,1.291848e-10,1.000000,False
shell:336,336,11.2254,5.072191e-11,1.000000,False
shell:339,339,11.2754,1.557052e-10,1.000000,False
shell:340,340,11.2920,4.462406e-11,1.000000,False
shell:344,344,11.3583,9.117249e-11,1.000000,False
shell:347,347,11.4077,8.404150e-11,1.000000,False
shell:352,352,11.4896,1.717295e-11,1.000000,False
shell:355,355,11.5384,5.619947e-11,1.000000,False
shell:356,356,11.5547,8.177922e-11,1.000000,False
shell:360,360,11.6194,4.587568e-11,1.000000,False
shell:363,363,11.6677,3.612751e-11,1.000000,False
shell:364,364,11.6838,1.232782e-11,1.000000,False
shell:371,371,11.7956,4.737234e-11,1.000000,False
shell:372,372,11.8115,1.293687e-11,1.000000,False
shell:376,376,11.8748,1.714513e-11,1.000000,False
shell:379,379,11.9221,9.708535e-12,1.000000,False
shell:384,384,12.0005,3.244578e-12,1.000000,False
shell:387,387,12.0473,1.328800e-11,1.000000,False
shell:388,388,12.0628,5.891518e-12,1.000000,False
shell:392,392,12.1248,8.377358e-12,1.000000,False
shell:395,395,12.1711,1.414022e-11,1.000000,False
shell:396,396,12.1865,6.051950e-12,1.000000,False
shell:400,400,12.2479,1.399147e-12,1.000000,False
shell:403,403,12.2938,2.497081e-12,1.000000,False
shell:404,404,12.3090,8.333192e-12,1.000000,False
shell:408,408,12.3698,1.513312e-12,1.000000,False
shell:411,411,12.4152,4.316204e-12,1.000000,False
shell:416,416,12.4905,1.540744e-12,1.000000,False
shell:419,419,12.5354,4.672543e-12,1.000000,False
shell:420,420,12.5504,1.896101e-12,1.000000,False
